{
    "random_forest": {
        "accuracy": 0.38620689655172413,
        "roc_auc": 0.960817905633497,
        "report": {
            "0": {
                "precision": 0.10526315789473684,
                "recall": 0.10810810810810811,
                "f1-score": 0.10666666666666667,
                "support": 37.0
            },
            "1": {
                "precision": 0.18181818181818182,
                "recall": 0.2222222222222222,
                "f1-score": 0.2,
                "support": 36.0
            },
            "2": {
                "precision": 0.3170731707317073,
                "recall": 0.38235294117647056,
                "f1-score": 0.3466666666666667,
                "support": 34.0
            },
            "3": {
                "precision": 0.4666666666666667,
                "recall": 0.8235294117647058,
                "f1-score": 0.5957446808510638,
                "support": 34.0
            },
            "4": {
                "precision": 0.1935483870967742,
                "recall": 0.1276595744680851,
                "f1-score": 0.15384615384615385,
                "support": 47.0
            },
            "5": {
                "precision": 0.0625,
                "recall": 0.024390243902439025,
                "f1-score": 0.03508771929824561,
                "support": 41.0
            },
            "6": {
                "precision": 0.1,
                "recall": 0.047619047619047616,
                "f1-score": 0.06451612903225806,
                "support": 42.0
            },
            "7": {
                "precision": 0.28888888888888886,
                "recall": 0.2765957446808511,
                "f1-score": 0.2826086956521739,
                "support": 47.0
            },
            "8": {
                "precision": 0.7647058823529411,
                "recall": 0.7027027027027027,
                "f1-score": 0.7323943661971831,
                "support": 37.0
            },
            "9": {
                "precision": 0.6530612244897959,
                "recall": 0.7272727272727273,
                "f1-score": 0.6881720430107527,
                "support": 44.0
            },
            "10": {
                "precision": 0.6666666666666666,
                "recall": 0.2608695652173913,
                "f1-score": 0.375,
                "support": 46.0
            },
            "11": {
                "precision": 0.24242424242424243,
                "recall": 0.23529411764705882,
                "f1-score": 0.23880597014925373,
                "support": 34.0
            },
            "12": {
                "precision": 0.18181818181818182,
                "recall": 0.3870967741935484,
                "f1-score": 0.24742268041237114,
                "support": 31.0
            },
            "13": {
                "precision": 0.4897959183673469,
                "recall": 0.5333333333333333,
                "f1-score": 0.5106382978723404,
                "support": 45.0
            },
            "14": {
                "precision": 0.13043478260869565,
                "recall": 0.07692307692307693,
                "f1-score": 0.0967741935483871,
                "support": 39.0
            },
            "15": {
                "precision": 0.2222222222222222,
                "recall": 0.16326530612244897,
                "f1-score": 0.18823529411764706,
                "support": 49.0
            },
            "16": {
                "precision": 0.28205128205128205,
                "recall": 0.34375,
                "f1-score": 0.30985915492957744,
                "support": 32.0
            },
            "17": {
                "precision": 0.24528301886792453,
                "recall": 0.2708333333333333,
                "f1-score": 0.25742574257425743,
                "support": 48.0
            },
            "18": {
                "precision": 0.24444444444444444,
                "recall": 0.2391304347826087,
                "f1-score": 0.24175824175824176,
                "support": 46.0
            },
            "19": {
                "precision": 0.4358974358974359,
                "recall": 0.6296296296296297,
                "f1-score": 0.5151515151515151,
                "support": 27.0
            },
            "20": {
                "precision": 0.8823529411764706,
                "recall": 0.6818181818181818,
                "f1-score": 0.7692307692307693,
                "support": 44.0
            },
            "21": {
                "precision": 0.18181818181818182,
                "recall": 0.11320754716981132,
                "f1-score": 0.13953488372093023,
                "support": 53.0
            },
            "22": {
                "precision": 0.21621621621621623,
                "recall": 0.21621621621621623,
                "f1-score": 0.21621621621621623,
                "support": 37.0
            },
            "23": {
                "precision": 0.16129032258064516,
                "recall": 0.11363636363636363,
                "f1-score": 0.13333333333333333,
                "support": 44.0
            },
            "24": {
                "precision": 0.2375,
                "recall": 0.5135135135135135,
                "f1-score": 0.3247863247863248,
                "support": 37.0
            },
            "25": {
                "precision": 0.3684210526315789,
                "recall": 0.4666666666666667,
                "f1-score": 0.4117647058823529,
                "support": 45.0
            },
            "26": {
                "precision": 0.6538461538461539,
                "recall": 0.7555555555555555,
                "f1-score": 0.7010309278350515,
                "support": 45.0
            },
            "27": {
                "precision": 0.4125,
                "recall": 0.6875,
                "f1-score": 0.515625,
                "support": 48.0
            },
            "28": {
                "precision": 0.75,
                "recall": 0.6,
                "f1-score": 0.6666666666666666,
                "support": 40.0
            },
            "29": {
                "precision": 0.5208333333333334,
                "recall": 0.4807692307692308,
                "f1-score": 0.5,
                "support": 52.0
            },
            "30": {
                "precision": 0.4146341463414634,
                "recall": 0.4358974358974359,
                "f1-score": 0.425,
                "support": 39.0
            },
            "31": {
                "precision": 0.1891891891891892,
                "recall": 0.21212121212121213,
                "f1-score": 0.2,
                "support": 33.0
            },
            "32": {
                "precision": 0.034482758620689655,
                "recall": 0.023809523809523808,
                "f1-score": 0.028169014084507043,
                "support": 42.0
            },
            "33": {
                "precision": 0.5454545454545454,
                "recall": 0.5106382978723404,
                "f1-score": 0.5274725274725275,
                "support": 47.0
            },
            "34": {
                "precision": 0.19444444444444445,
                "recall": 0.14285714285714285,
                "f1-score": 0.16470588235294117,
                "support": 49.0
            },
            "35": {
                "precision": 0.17543859649122806,
                "recall": 0.2631578947368421,
                "f1-score": 0.21052631578947367,
                "support": 38.0
            },
            "36": {
                "precision": 0.09090909090909091,
                "recall": 0.047619047619047616,
                "f1-score": 0.0625,
                "support": 42.0
            },
            "37": {
                "precision": 0.11320754716981132,
                "recall": 0.125,
                "f1-score": 0.1188118811881188,
                "support": 48.0
            },
            "38": {
                "precision": 0.8148148148148148,
                "recall": 0.5365853658536586,
                "f1-score": 0.6470588235294118,
                "support": 41.0
            },
            "39": {
                "precision": 0.0425531914893617,
                "recall": 0.06060606060606061,
                "f1-score": 0.05,
                "support": 33.0
            },
            "40": {
                "precision": 0.2682926829268293,
                "recall": 0.3142857142857143,
                "f1-score": 0.2894736842105263,
                "support": 35.0
            },
            "41": {
                "precision": 0.6428571428571429,
                "recall": 0.4090909090909091,
                "f1-score": 0.5,
                "support": 44.0
            },
            "42": {
                "precision": 0.5423728813559322,
                "recall": 0.6037735849056604,
                "f1-score": 0.5714285714285714,
                "support": 53.0
            },
            "43": {
                "precision": 0.1875,
                "recall": 0.16216216216216217,
                "f1-score": 0.17391304347826086,
                "support": 37.0
            },
            "44": {
                "precision": 0.5238095238095238,
                "recall": 0.55,
                "f1-score": 0.5365853658536586,
                "support": 40.0
            },
            "45": {
                "precision": 0.42857142857142855,
                "recall": 0.5675675675675675,
                "f1-score": 0.4883720930232558,
                "support": 37.0
            },
            "46": {
                "precision": 0.1206896551724138,
                "recall": 0.18421052631578946,
                "f1-score": 0.14583333333333334,
                "support": 38.0
            },
            "47": {
                "precision": 0.3902439024390244,
                "recall": 0.38095238095238093,
                "f1-score": 0.3855421686746988,
                "support": 42.0
            },
            "48": {
                "precision": 0.5869565217391305,
                "recall": 0.574468085106383,
                "f1-score": 0.5806451612903226,
                "support": 47.0
            },
            "49": {
                "precision": 0.717391304347826,
                "recall": 0.9166666666666666,
                "f1-score": 0.8048780487804879,
                "support": 36.0
            },
            "50": {
                "precision": 0.4146341463414634,
                "recall": 0.4857142857142857,
                "f1-score": 0.4473684210526316,
                "support": 35.0
            },
            "51": {
                "precision": 0.75,
                "recall": 0.43636363636363634,
                "f1-score": 0.5517241379310345,
                "support": 55.0
            },
            "52": {
                "precision": 0.40816326530612246,
                "recall": 0.45454545454545453,
                "f1-score": 0.43010752688172044,
                "support": 44.0
            },
            "53": {
                "precision": 0.07894736842105263,
                "recall": 0.1,
                "f1-score": 0.08823529411764706,
                "support": 30.0
            },
            "54": {
                "precision": 0.2608695652173913,
                "recall": 0.13953488372093023,
                "f1-score": 0.18181818181818182,
                "support": 43.0
            },
            "55": {
                "precision": 0.2909090909090909,
                "recall": 0.35555555555555557,
                "f1-score": 0.32,
                "support": 45.0
            },
            "56": {
                "precision": 0.5,
                "recall": 0.6666666666666666,
                "f1-score": 0.5714285714285714,
                "support": 30.0
            },
            "57": {
                "precision": 0.7714285714285715,
                "recall": 0.627906976744186,
                "f1-score": 0.6923076923076923,
                "support": 43.0
            },
            "58": {
                "precision": 0.33962264150943394,
                "recall": 0.42857142857142855,
                "f1-score": 0.37894736842105264,
                "support": 42.0
            },
            "59": {
                "precision": 0.125,
                "recall": 0.09090909090909091,
                "f1-score": 0.10526315789473684,
                "support": 44.0
            },
            "60": {
                "precision": 0.5483870967741935,
                "recall": 0.4358974358974359,
                "f1-score": 0.4857142857142857,
                "support": 39.0
            },
            "61": {
                "precision": 0.20689655172413793,
                "recall": 0.13636363636363635,
                "f1-score": 0.1643835616438356,
                "support": 44.0
            },
            "62": {
                "precision": 0.4107142857142857,
                "recall": 0.5897435897435898,
                "f1-score": 0.4842105263157895,
                "support": 39.0
            },
            "63": {
                "precision": 0.8292682926829268,
                "recall": 0.8717948717948718,
                "f1-score": 0.85,
                "support": 39.0
            },
            "64": {
                "precision": 0.78125,
                "recall": 0.5434782608695652,
                "f1-score": 0.6410256410256411,
                "support": 46.0
            },
            "65": {
                "precision": 0.2553191489361702,
                "recall": 0.2727272727272727,
                "f1-score": 0.26373626373626374,
                "support": 44.0
            },
            "66": {
                "precision": 0.5454545454545454,
                "recall": 0.7142857142857143,
                "f1-score": 0.6185567010309279,
                "support": 42.0
            },
            "67": {
                "precision": 0.6111111111111112,
                "recall": 0.3235294117647059,
                "f1-score": 0.4230769230769231,
                "support": 34.0
            },
            "68": {
                "precision": 0.6349206349206349,
                "recall": 0.7547169811320755,
                "f1-score": 0.6896551724137931,
                "support": 53.0
            },
            "69": {
                "precision": 0.59375,
                "recall": 0.40425531914893614,
                "f1-score": 0.4810126582278481,
                "support": 47.0
            },
            "accuracy": 0.38620689655172413,
            "macro avg": {
                "precision": 0.38628288059293914,
                "recall": 0.3866498803055839,
                "f1-score": 0.37634930055621535,
                "support": 2900.0
            },
            "weighted avg": {
                "precision": 0.3927833988257906,
                "recall": 0.38620689655172413,
                "f1-score": 0.37943239376803783,
                "support": 2900.0
            }
        }
    },
    "xgboost": {
        "accuracy": 0.40620689655172415,
        "roc_auc": 0.9697725322420485,
        "report": {
            "0": {
                "precision": 0.21212121212121213,
                "recall": 0.1891891891891892,
                "f1-score": 0.2,
                "support": 37.0
            },
            "1": {
                "precision": 0.14583333333333334,
                "recall": 0.19444444444444445,
                "f1-score": 0.16666666666666666,
                "support": 36.0
            },
            "2": {
                "precision": 0.41379310344827586,
                "recall": 0.35294117647058826,
                "f1-score": 0.38095238095238093,
                "support": 34.0
            },
            "3": {
                "precision": 0.6341463414634146,
                "recall": 0.7647058823529411,
                "f1-score": 0.6933333333333334,
                "support": 34.0
            },
            "4": {
                "precision": 0.2619047619047619,
                "recall": 0.23404255319148937,
                "f1-score": 0.24719101123595505,
                "support": 47.0
            },
            "5": {
                "precision": 0.1111111111111111,
                "recall": 0.07317073170731707,
                "f1-score": 0.08823529411764706,
                "support": 41.0
            },
            "6": {
                "precision": 0.10344827586206896,
                "recall": 0.07142857142857142,
                "f1-score": 0.08450704225352113,
                "support": 42.0
            },
            "7": {
                "precision": 0.4166666666666667,
                "recall": 0.425531914893617,
                "f1-score": 0.42105263157894735,
                "support": 47.0
            },
            "8": {
                "precision": 0.7631578947368421,
                "recall": 0.7837837837837838,
                "f1-score": 0.7733333333333333,
                "support": 37.0
            },
            "9": {
                "precision": 0.7692307692307693,
                "recall": 0.6818181818181818,
                "f1-score": 0.7228915662650602,
                "support": 44.0
            },
            "10": {
                "precision": 0.5526315789473685,
                "recall": 0.45652173913043476,
                "f1-score": 0.5,
                "support": 46.0
            },
            "11": {
                "precision": 0.21951219512195122,
                "recall": 0.2647058823529412,
                "f1-score": 0.24,
                "support": 34.0
            },
            "12": {
                "precision": 0.19230769230769232,
                "recall": 0.3225806451612903,
                "f1-score": 0.24096385542168675,
                "support": 31.0
            },
            "13": {
                "precision": 0.48148148148148145,
                "recall": 0.5777777777777777,
                "f1-score": 0.5252525252525253,
                "support": 45.0
            },
            "14": {
                "precision": 0.08108108108108109,
                "recall": 0.07692307692307693,
                "f1-score": 0.07894736842105263,
                "support": 39.0
            },
            "15": {
                "precision": 0.09523809523809523,
                "recall": 0.08163265306122448,
                "f1-score": 0.08791208791208792,
                "support": 49.0
            },
            "16": {
                "precision": 0.25,
                "recall": 0.3125,
                "f1-score": 0.2777777777777778,
                "support": 32.0
            },
            "17": {
                "precision": 0.21153846153846154,
                "recall": 0.22916666666666666,
                "f1-score": 0.22,
                "support": 48.0
            },
            "18": {
                "precision": 0.27450980392156865,
                "recall": 0.30434782608695654,
                "f1-score": 0.28865979381443296,
                "support": 46.0
            },
            "19": {
                "precision": 0.35714285714285715,
                "recall": 0.5555555555555556,
                "f1-score": 0.43478260869565216,
                "support": 27.0
            },
            "20": {
                "precision": 0.8,
                "recall": 0.7272727272727273,
                "f1-score": 0.7619047619047619,
                "support": 44.0
            },
            "21": {
                "precision": 0.27450980392156865,
                "recall": 0.2641509433962264,
                "f1-score": 0.2692307692307692,
                "support": 53.0
            },
            "22": {
                "precision": 0.13043478260869565,
                "recall": 0.16216216216216217,
                "f1-score": 0.14457831325301204,
                "support": 37.0
            },
            "23": {
                "precision": 0.18181818181818182,
                "recall": 0.13636363636363635,
                "f1-score": 0.15584415584415584,
                "support": 44.0
            },
            "24": {
                "precision": 0.3409090909090909,
                "recall": 0.40540540540540543,
                "f1-score": 0.37037037037037035,
                "support": 37.0
            },
            "25": {
                "precision": 0.48717948717948717,
                "recall": 0.4222222222222222,
                "f1-score": 0.4523809523809524,
                "support": 45.0
            },
            "26": {
                "precision": 0.7142857142857143,
                "recall": 0.7777777777777778,
                "f1-score": 0.7446808510638298,
                "support": 45.0
            },
            "27": {
                "precision": 0.4074074074074074,
                "recall": 0.4583333333333333,
                "f1-score": 0.43137254901960786,
                "support": 48.0
            },
            "28": {
                "precision": 0.7142857142857143,
                "recall": 0.75,
                "f1-score": 0.7317073170731707,
                "support": 40.0
            },
            "29": {
                "precision": 0.6153846153846154,
                "recall": 0.46153846153846156,
                "f1-score": 0.5274725274725275,
                "support": 52.0
            },
            "30": {
                "precision": 0.5121951219512195,
                "recall": 0.5384615384615384,
                "f1-score": 0.525,
                "support": 39.0
            },
            "31": {
                "precision": 0.20588235294117646,
                "recall": 0.21212121212121213,
                "f1-score": 0.208955223880597,
                "support": 33.0
            },
            "32": {
                "precision": 0.14285714285714285,
                "recall": 0.07142857142857142,
                "f1-score": 0.09523809523809523,
                "support": 42.0
            },
            "33": {
                "precision": 0.5869565217391305,
                "recall": 0.574468085106383,
                "f1-score": 0.5806451612903226,
                "support": 47.0
            },
            "34": {
                "precision": 0.22857142857142856,
                "recall": 0.16326530612244897,
                "f1-score": 0.19047619047619047,
                "support": 49.0
            },
            "35": {
                "precision": 0.2631578947368421,
                "recall": 0.2631578947368421,
                "f1-score": 0.2631578947368421,
                "support": 38.0
            },
            "36": {
                "precision": 0.09375,
                "recall": 0.07142857142857142,
                "f1-score": 0.08108108108108109,
                "support": 42.0
            },
            "37": {
                "precision": 0.11764705882352941,
                "recall": 0.125,
                "f1-score": 0.12121212121212122,
                "support": 48.0
            },
            "38": {
                "precision": 0.631578947368421,
                "recall": 0.5853658536585366,
                "f1-score": 0.6075949367088608,
                "support": 41.0
            },
            "39": {
                "precision": 0.15,
                "recall": 0.18181818181818182,
                "f1-score": 0.1643835616438356,
                "support": 33.0
            },
            "40": {
                "precision": 0.24242424242424243,
                "recall": 0.22857142857142856,
                "f1-score": 0.23529411764705882,
                "support": 35.0
            },
            "41": {
                "precision": 0.5555555555555556,
                "recall": 0.45454545454545453,
                "f1-score": 0.5,
                "support": 44.0
            },
            "42": {
                "precision": 0.5517241379310345,
                "recall": 0.6037735849056604,
                "f1-score": 0.5765765765765766,
                "support": 53.0
            },
            "43": {
                "precision": 0.12903225806451613,
                "recall": 0.10810810810810811,
                "f1-score": 0.11764705882352941,
                "support": 37.0
            },
            "44": {
                "precision": 0.4523809523809524,
                "recall": 0.475,
                "f1-score": 0.4634146341463415,
                "support": 40.0
            },
            "45": {
                "precision": 0.4888888888888889,
                "recall": 0.5945945945945946,
                "f1-score": 0.5365853658536586,
                "support": 37.0
            },
            "46": {
                "precision": 0.14814814814814814,
                "recall": 0.21052631578947367,
                "f1-score": 0.17391304347826086,
                "support": 38.0
            },
            "47": {
                "precision": 0.4411764705882353,
                "recall": 0.35714285714285715,
                "f1-score": 0.39473684210526316,
                "support": 42.0
            },
            "48": {
                "precision": 0.6346153846153846,
                "recall": 0.7021276595744681,
                "f1-score": 0.6666666666666666,
                "support": 47.0
            },
            "49": {
                "precision": 0.7948717948717948,
                "recall": 0.8611111111111112,
                "f1-score": 0.8266666666666667,
                "support": 36.0
            },
            "50": {
                "precision": 0.4772727272727273,
                "recall": 0.6,
                "f1-score": 0.5316455696202531,
                "support": 35.0
            },
            "51": {
                "precision": 0.6829268292682927,
                "recall": 0.509090909090909,
                "f1-score": 0.5833333333333334,
                "support": 55.0
            },
            "52": {
                "precision": 0.5142857142857142,
                "recall": 0.4090909090909091,
                "f1-score": 0.45569620253164556,
                "support": 44.0
            },
            "53": {
                "precision": 0.13636363636363635,
                "recall": 0.2,
                "f1-score": 0.16216216216216217,
                "support": 30.0
            },
            "54": {
                "precision": 0.2857142857142857,
                "recall": 0.18604651162790697,
                "f1-score": 0.22535211267605634,
                "support": 43.0
            },
            "55": {
                "precision": 0.3181818181818182,
                "recall": 0.3111111111111111,
                "f1-score": 0.3146067415730337,
                "support": 45.0
            },
            "56": {
                "precision": 0.6666666666666666,
                "recall": 0.7333333333333333,
                "f1-score": 0.6984126984126984,
                "support": 30.0
            },
            "57": {
                "precision": 0.6341463414634146,
                "recall": 0.6046511627906976,
                "f1-score": 0.6190476190476191,
                "support": 43.0
            },
            "58": {
                "precision": 0.46808510638297873,
                "recall": 0.5238095238095238,
                "f1-score": 0.4943820224719101,
                "support": 42.0
            },
            "59": {
                "precision": 0.15217391304347827,
                "recall": 0.1590909090909091,
                "f1-score": 0.15555555555555556,
                "support": 44.0
            },
            "60": {
                "precision": 0.4666666666666667,
                "recall": 0.5384615384615384,
                "f1-score": 0.5,
                "support": 39.0
            },
            "61": {
                "precision": 0.16666666666666666,
                "recall": 0.18181818181818182,
                "f1-score": 0.17391304347826086,
                "support": 44.0
            },
            "62": {
                "precision": 0.5609756097560976,
                "recall": 0.5897435897435898,
                "f1-score": 0.575,
                "support": 39.0
            },
            "63": {
                "precision": 0.7906976744186046,
                "recall": 0.8717948717948718,
                "f1-score": 0.8292682926829268,
                "support": 39.0
            },
            "64": {
                "precision": 0.7647058823529411,
                "recall": 0.5652173913043478,
                "f1-score": 0.65,
                "support": 46.0
            },
            "65": {
                "precision": 0.4222222222222222,
                "recall": 0.4318181818181818,
                "f1-score": 0.42696629213483145,
                "support": 44.0
            },
            "66": {
                "precision": 0.5490196078431373,
                "recall": 0.6666666666666666,
                "f1-score": 0.6021505376344086,
                "support": 42.0
            },
            "67": {
                "precision": 0.30612244897959184,
                "recall": 0.4411764705882353,
                "f1-score": 0.3614457831325301,
                "support": 34.0
            },
            "68": {
                "precision": 0.68,
                "recall": 0.6415094339622641,
                "f1-score": 0.6601941747572816,
                "support": 53.0
            },
            "69": {
                "precision": 0.5483870967741935,
                "recall": 0.3617021276595745,
                "f1-score": 0.4358974358974359,
                "support": 47.0
            },
            "accuracy": 0.40620689655172415,
            "macro avg": {
                "precision": 0.4025109533034324,
                "recall": 0.4060877724922314,
                "f1-score": 0.400661095142559,
                "support": 2900.0
            },
            "weighted avg": {
                "precision": 0.40895335773085734,
                "recall": 0.40620689655172415,
                "f1-score": 0.4040280887061294,
                "support": 2900.0
            }
        }
    },
    "lightgbm": {
        "accuracy": 0.39827586206896554,
        "roc_auc": 0.9668263587974621,
        "report": {
            "0": {
                "precision": 0.19444444444444445,
                "recall": 0.1891891891891892,
                "f1-score": 0.1917808219178082,
                "support": 37.0
            },
            "1": {
                "precision": 0.15217391304347827,
                "recall": 0.19444444444444445,
                "f1-score": 0.17073170731707318,
                "support": 36.0
            },
            "2": {
                "precision": 0.38235294117647056,
                "recall": 0.38235294117647056,
                "f1-score": 0.38235294117647056,
                "support": 34.0
            },
            "3": {
                "precision": 0.6756756756756757,
                "recall": 0.7352941176470589,
                "f1-score": 0.704225352112676,
                "support": 34.0
            },
            "4": {
                "precision": 0.2564102564102564,
                "recall": 0.2127659574468085,
                "f1-score": 0.23255813953488372,
                "support": 47.0
            },
            "5": {
                "precision": 0.08108108108108109,
                "recall": 0.07317073170731707,
                "f1-score": 0.07692307692307693,
                "support": 41.0
            },
            "6": {
                "precision": 0.0975609756097561,
                "recall": 0.09523809523809523,
                "f1-score": 0.0963855421686747,
                "support": 42.0
            },
            "7": {
                "precision": 0.358974358974359,
                "recall": 0.2978723404255319,
                "f1-score": 0.32558139534883723,
                "support": 47.0
            },
            "8": {
                "precision": 0.6944444444444444,
                "recall": 0.6756756756756757,
                "f1-score": 0.684931506849315,
                "support": 37.0
            },
            "9": {
                "precision": 0.8,
                "recall": 0.6363636363636364,
                "f1-score": 0.7088607594936709,
                "support": 44.0
            },
            "10": {
                "precision": 0.48484848484848486,
                "recall": 0.34782608695652173,
                "f1-score": 0.4050632911392405,
                "support": 46.0
            },
            "11": {
                "precision": 0.2571428571428571,
                "recall": 0.2647058823529412,
                "f1-score": 0.2608695652173913,
                "support": 34.0
            },
            "12": {
                "precision": 0.16666666666666666,
                "recall": 0.3225806451612903,
                "f1-score": 0.21978021978021978,
                "support": 31.0
            },
            "13": {
                "precision": 0.52,
                "recall": 0.5777777777777777,
                "f1-score": 0.5473684210526316,
                "support": 45.0
            },
            "14": {
                "precision": 0.09523809523809523,
                "recall": 0.10256410256410256,
                "f1-score": 0.09876543209876543,
                "support": 39.0
            },
            "15": {
                "precision": 0.1320754716981132,
                "recall": 0.14285714285714285,
                "f1-score": 0.13725490196078433,
                "support": 49.0
            },
            "16": {
                "precision": 0.2631578947368421,
                "recall": 0.3125,
                "f1-score": 0.2857142857142857,
                "support": 32.0
            },
            "17": {
                "precision": 0.1956521739130435,
                "recall": 0.1875,
                "f1-score": 0.19148936170212766,
                "support": 48.0
            },
            "18": {
                "precision": 0.20754716981132076,
                "recall": 0.2391304347826087,
                "f1-score": 0.2222222222222222,
                "support": 46.0
            },
            "19": {
                "precision": 0.38095238095238093,
                "recall": 0.5925925925925926,
                "f1-score": 0.463768115942029,
                "support": 27.0
            },
            "20": {
                "precision": 0.8536585365853658,
                "recall": 0.7954545454545454,
                "f1-score": 0.8235294117647058,
                "support": 44.0
            },
            "21": {
                "precision": 0.2727272727272727,
                "recall": 0.22641509433962265,
                "f1-score": 0.24742268041237114,
                "support": 53.0
            },
            "22": {
                "precision": 0.10526315789473684,
                "recall": 0.16216216216216217,
                "f1-score": 0.1276595744680851,
                "support": 37.0
            },
            "23": {
                "precision": 0.22727272727272727,
                "recall": 0.22727272727272727,
                "f1-score": 0.22727272727272727,
                "support": 44.0
            },
            "24": {
                "precision": 0.35555555555555557,
                "recall": 0.43243243243243246,
                "f1-score": 0.3902439024390244,
                "support": 37.0
            },
            "25": {
                "precision": 0.5384615384615384,
                "recall": 0.4666666666666667,
                "f1-score": 0.5,
                "support": 45.0
            },
            "26": {
                "precision": 0.75,
                "recall": 0.6666666666666666,
                "f1-score": 0.7058823529411765,
                "support": 45.0
            },
            "27": {
                "precision": 0.52,
                "recall": 0.5416666666666666,
                "f1-score": 0.5306122448979592,
                "support": 48.0
            },
            "28": {
                "precision": 0.7435897435897436,
                "recall": 0.725,
                "f1-score": 0.7341772151898734,
                "support": 40.0
            },
            "29": {
                "precision": 0.6585365853658537,
                "recall": 0.5192307692307693,
                "f1-score": 0.5806451612903226,
                "support": 52.0
            },
            "30": {
                "precision": 0.5277777777777778,
                "recall": 0.48717948717948717,
                "f1-score": 0.5066666666666667,
                "support": 39.0
            },
            "31": {
                "precision": 0.2,
                "recall": 0.18181818181818182,
                "f1-score": 0.19047619047619047,
                "support": 33.0
            },
            "32": {
                "precision": 0.17647058823529413,
                "recall": 0.14285714285714285,
                "f1-score": 0.15789473684210525,
                "support": 42.0
            },
            "33": {
                "precision": 0.54,
                "recall": 0.574468085106383,
                "f1-score": 0.5567010309278351,
                "support": 47.0
            },
            "34": {
                "precision": 0.15,
                "recall": 0.12244897959183673,
                "f1-score": 0.1348314606741573,
                "support": 49.0
            },
            "35": {
                "precision": 0.23684210526315788,
                "recall": 0.23684210526315788,
                "f1-score": 0.23684210526315788,
                "support": 38.0
            },
            "36": {
                "precision": 0.058823529411764705,
                "recall": 0.047619047619047616,
                "f1-score": 0.05263157894736842,
                "support": 42.0
            },
            "37": {
                "precision": 0.16,
                "recall": 0.16666666666666666,
                "f1-score": 0.16326530612244897,
                "support": 48.0
            },
            "38": {
                "precision": 0.7272727272727273,
                "recall": 0.5853658536585366,
                "f1-score": 0.6486486486486487,
                "support": 41.0
            },
            "39": {
                "precision": 0.08823529411764706,
                "recall": 0.09090909090909091,
                "f1-score": 0.08955223880597014,
                "support": 33.0
            },
            "40": {
                "precision": 0.3170731707317073,
                "recall": 0.37142857142857144,
                "f1-score": 0.34210526315789475,
                "support": 35.0
            },
            "41": {
                "precision": 0.5333333333333333,
                "recall": 0.36363636363636365,
                "f1-score": 0.43243243243243246,
                "support": 44.0
            },
            "42": {
                "precision": 0.56,
                "recall": 0.5283018867924528,
                "f1-score": 0.5436893203883495,
                "support": 53.0
            },
            "43": {
                "precision": 0.1388888888888889,
                "recall": 0.13513513513513514,
                "f1-score": 0.136986301369863,
                "support": 37.0
            },
            "44": {
                "precision": 0.4772727272727273,
                "recall": 0.525,
                "f1-score": 0.5,
                "support": 40.0
            },
            "45": {
                "precision": 0.4583333333333333,
                "recall": 0.5945945945945946,
                "f1-score": 0.5176470588235295,
                "support": 37.0
            },
            "46": {
                "precision": 0.058823529411764705,
                "recall": 0.07894736842105263,
                "f1-score": 0.06741573033707865,
                "support": 38.0
            },
            "47": {
                "precision": 0.34210526315789475,
                "recall": 0.30952380952380953,
                "f1-score": 0.325,
                "support": 42.0
            },
            "48": {
                "precision": 0.6382978723404256,
                "recall": 0.6382978723404256,
                "f1-score": 0.6382978723404256,
                "support": 47.0
            },
            "49": {
                "precision": 0.8378378378378378,
                "recall": 0.8611111111111112,
                "f1-score": 0.8493150684931506,
                "support": 36.0
            },
            "50": {
                "precision": 0.4878048780487805,
                "recall": 0.5714285714285714,
                "f1-score": 0.5263157894736842,
                "support": 35.0
            },
            "51": {
                "precision": 0.7,
                "recall": 0.509090909090909,
                "f1-score": 0.5894736842105263,
                "support": 55.0
            },
            "52": {
                "precision": 0.5384615384615384,
                "recall": 0.4772727272727273,
                "f1-score": 0.5060240963855421,
                "support": 44.0
            },
            "53": {
                "precision": 0.14634146341463414,
                "recall": 0.2,
                "f1-score": 0.16901408450704225,
                "support": 30.0
            },
            "54": {
                "precision": 0.26666666666666666,
                "recall": 0.18604651162790697,
                "f1-score": 0.2191780821917808,
                "support": 43.0
            },
            "55": {
                "precision": 0.33962264150943394,
                "recall": 0.4,
                "f1-score": 0.3673469387755102,
                "support": 45.0
            },
            "56": {
                "precision": 0.6470588235294118,
                "recall": 0.7333333333333333,
                "f1-score": 0.6875,
                "support": 30.0
            },
            "57": {
                "precision": 0.6046511627906976,
                "recall": 0.6046511627906976,
                "f1-score": 0.6046511627906976,
                "support": 43.0
            },
            "58": {
                "precision": 0.4318181818181818,
                "recall": 0.4523809523809524,
                "f1-score": 0.4418604651162791,
                "support": 42.0
            },
            "59": {
                "precision": 0.13636363636363635,
                "recall": 0.13636363636363635,
                "f1-score": 0.13636363636363635,
                "support": 44.0
            },
            "60": {
                "precision": 0.5277777777777778,
                "recall": 0.48717948717948717,
                "f1-score": 0.5066666666666667,
                "support": 39.0
            },
            "61": {
                "precision": 0.20833333333333334,
                "recall": 0.22727272727272727,
                "f1-score": 0.21739130434782608,
                "support": 44.0
            },
            "62": {
                "precision": 0.5833333333333334,
                "recall": 0.5384615384615384,
                "f1-score": 0.56,
                "support": 39.0
            },
            "63": {
                "precision": 0.8292682926829268,
                "recall": 0.8717948717948718,
                "f1-score": 0.85,
                "support": 39.0
            },
            "64": {
                "precision": 0.8,
                "recall": 0.5217391304347826,
                "f1-score": 0.631578947368421,
                "support": 46.0
            },
            "65": {
                "precision": 0.3541666666666667,
                "recall": 0.38636363636363635,
                "f1-score": 0.3695652173913043,
                "support": 44.0
            },
            "66": {
                "precision": 0.56,
                "recall": 0.6666666666666666,
                "f1-score": 0.6086956521739131,
                "support": 42.0
            },
            "67": {
                "precision": 0.3181818181818182,
                "recall": 0.4117647058823529,
                "f1-score": 0.358974358974359,
                "support": 34.0
            },
            "68": {
                "precision": 0.7659574468085106,
                "recall": 0.6792452830188679,
                "f1-score": 0.72,
                "support": 53.0
            },
            "69": {
                "precision": 0.5263157894736842,
                "recall": 0.425531914893617,
                "f1-score": 0.47058823529411764,
                "support": 47.0
            },
            "accuracy": 0.39827586206896554,
            "macro avg": {
                "precision": 0.40601394046525535,
                "recall": 0.39820155207374,
                "f1-score": 0.3986522809013858,
                "support": 2900.0
            },
            "weighted avg": {
                "precision": 0.41295721016836145,
                "recall": 0.39827586206896554,
                "f1-score": 0.4022155754713966,
                "support": 2900.0
            }
        }
    },
    "neural_network": {
        "accuracy": 0.012758620689655173,
        "roc_auc": 0.5,
        "report": {
            "0": {
                "precision": 0.0,
                "recall": 0.0,
                "f1-score": 0.0,
                "support": 37.0
            },
            "1": {
                "precision": 0.0,
                "recall": 0.0,
                "f1-score": 0.0,
                "support": 36.0
            },
            "2": {
                "precision": 0.0,
                "recall": 0.0,
                "f1-score": 0.0,
                "support": 34.0
            },
            "3": {
                "precision": 0.0,
                "recall": 0.0,
                "f1-score": 0.0,
                "support": 34.0
            },
            "4": {
                "precision": 0.0,
                "recall": 0.0,
                "f1-score": 0.0,
                "support": 47.0
            },
            "5": {
                "precision": 0.0,
                "recall": 0.0,
                "f1-score": 0.0,
                "support": 41.0
            },
            "6": {
                "precision": 0.0,
                "recall": 0.0,
                "f1-score": 0.0,
                "support": 42.0
            },
            "7": {
                "precision": 0.0,
                "recall": 0.0,
                "f1-score": 0.0,
                "support": 47.0
            },
            "8": {
                "precision": 0.0,
                "recall": 0.0,
                "f1-score": 0.0,
                "support": 37.0
            },
            "9": {
                "precision": 0.0,
                "recall": 0.0,
                "f1-score": 0.0,
                "support": 44.0
            },
            "10": {
                "precision": 0.0,
                "recall": 0.0,
                "f1-score": 0.0,
                "support": 46.0
            },
            "11": {
                "precision": 0.0,
                "recall": 0.0,
                "f1-score": 0.0,
                "support": 34.0
            },
            "12": {
                "precision": 0.0,
                "recall": 0.0,
                "f1-score": 0.0,
                "support": 31.0
            },
            "13": {
                "precision": 0.0,
                "recall": 0.0,
                "f1-score": 0.0,
                "support": 45.0
            },
            "14": {
                "precision": 0.0,
                "recall": 0.0,
                "f1-score": 0.0,
                "support": 39.0
            },
            "15": {
                "precision": 0.0,
                "recall": 0.0,
                "f1-score": 0.0,
                "support": 49.0
            },
            "16": {
                "precision": 0.0,
                "recall": 0.0,
                "f1-score": 0.0,
                "support": 32.0
            },
            "17": {
                "precision": 0.0,
                "recall": 0.0,
                "f1-score": 0.0,
                "support": 48.0
            },
            "18": {
                "precision": 0.0,
                "recall": 0.0,
                "f1-score": 0.0,
                "support": 46.0
            },
            "19": {
                "precision": 0.0,
                "recall": 0.0,
                "f1-score": 0.0,
                "support": 27.0
            },
            "20": {
                "precision": 0.0,
                "recall": 0.0,
                "f1-score": 0.0,
                "support": 44.0
            },
            "21": {
                "precision": 0.0,
                "recall": 0.0,
                "f1-score": 0.0,
                "support": 53.0
            },
            "22": {
                "precision": 0.0,
                "recall": 0.0,
                "f1-score": 0.0,
                "support": 37.0
            },
            "23": {
                "precision": 0.0,
                "recall": 0.0,
                "f1-score": 0.0,
                "support": 44.0
            },
            "24": {
                "precision": 0.012758620689655173,
                "recall": 1.0,
                "f1-score": 0.02519577800476677,
                "support": 37.0
            },
            "25": {
                "precision": 0.0,
                "recall": 0.0,
                "f1-score": 0.0,
                "support": 45.0
            },
            "26": {
                "precision": 0.0,
                "recall": 0.0,
                "f1-score": 0.0,
                "support": 45.0
            },
            "27": {
                "precision": 0.0,
                "recall": 0.0,
                "f1-score": 0.0,
                "support": 48.0
            },
            "28": {
                "precision": 0.0,
                "recall": 0.0,
                "f1-score": 0.0,
                "support": 40.0
            },
            "29": {
                "precision": 0.0,
                "recall": 0.0,
                "f1-score": 0.0,
                "support": 52.0
            },
            "30": {
                "precision": 0.0,
                "recall": 0.0,
                "f1-score": 0.0,
                "support": 39.0
            },
            "31": {
                "precision": 0.0,
                "recall": 0.0,
                "f1-score": 0.0,
                "support": 33.0
            },
            "32": {
                "precision": 0.0,
                "recall": 0.0,
                "f1-score": 0.0,
                "support": 42.0
            },
            "33": {
                "precision": 0.0,
                "recall": 0.0,
                "f1-score": 0.0,
                "support": 47.0
            },
            "34": {
                "precision": 0.0,
                "recall": 0.0,
                "f1-score": 0.0,
                "support": 49.0
            },
            "35": {
                "precision": 0.0,
                "recall": 0.0,
                "f1-score": 0.0,
                "support": 38.0
            },
            "36": {
                "precision": 0.0,
                "recall": 0.0,
                "f1-score": 0.0,
                "support": 42.0
            },
            "37": {
                "precision": 0.0,
                "recall": 0.0,
                "f1-score": 0.0,
                "support": 48.0
            },
            "38": {
                "precision": 0.0,
                "recall": 0.0,
                "f1-score": 0.0,
                "support": 41.0
            },
            "39": {
                "precision": 0.0,
                "recall": 0.0,
                "f1-score": 0.0,
                "support": 33.0
            },
            "40": {
                "precision": 0.0,
                "recall": 0.0,
                "f1-score": 0.0,
                "support": 35.0
            },
            "41": {
                "precision": 0.0,
                "recall": 0.0,
                "f1-score": 0.0,
                "support": 44.0
            },
            "42": {
                "precision": 0.0,
                "recall": 0.0,
                "f1-score": 0.0,
                "support": 53.0
            },
            "43": {
                "precision": 0.0,
                "recall": 0.0,
                "f1-score": 0.0,
                "support": 37.0
            },
            "44": {
                "precision": 0.0,
                "recall": 0.0,
                "f1-score": 0.0,
                "support": 40.0
            },
            "45": {
                "precision": 0.0,
                "recall": 0.0,
                "f1-score": 0.0,
                "support": 37.0
            },
            "46": {
                "precision": 0.0,
                "recall": 0.0,
                "f1-score": 0.0,
                "support": 38.0
            },
            "47": {
                "precision": 0.0,
                "recall": 0.0,
                "f1-score": 0.0,
                "support": 42.0
            },
            "48": {
                "precision": 0.0,
                "recall": 0.0,
                "f1-score": 0.0,
                "support": 47.0
            },
            "49": {
                "precision": 0.0,
                "recall": 0.0,
                "f1-score": 0.0,
                "support": 36.0
            },
            "50": {
                "precision": 0.0,
                "recall": 0.0,
                "f1-score": 0.0,
                "support": 35.0
            },
            "51": {
                "precision": 0.0,
                "recall": 0.0,
                "f1-score": 0.0,
                "support": 55.0
            },
            "52": {
                "precision": 0.0,
                "recall": 0.0,
                "f1-score": 0.0,
                "support": 44.0
            },
            "53": {
                "precision": 0.0,
                "recall": 0.0,
                "f1-score": 0.0,
                "support": 30.0
            },
            "54": {
                "precision": 0.0,
                "recall": 0.0,
                "f1-score": 0.0,
                "support": 43.0
            },
            "55": {
                "precision": 0.0,
                "recall": 0.0,
                "f1-score": 0.0,
                "support": 45.0
            },
            "56": {
                "precision": 0.0,
                "recall": 0.0,
                "f1-score": 0.0,
                "support": 30.0
            },
            "57": {
                "precision": 0.0,
                "recall": 0.0,
                "f1-score": 0.0,
                "support": 43.0
            },
            "58": {
                "precision": 0.0,
                "recall": 0.0,
                "f1-score": 0.0,
                "support": 42.0
            },
            "59": {
                "precision": 0.0,
                "recall": 0.0,
                "f1-score": 0.0,
                "support": 44.0
            },
            "60": {
                "precision": 0.0,
                "recall": 0.0,
                "f1-score": 0.0,
                "support": 39.0
            },
            "61": {
                "precision": 0.0,
                "recall": 0.0,
                "f1-score": 0.0,
                "support": 44.0
            },
            "62": {
                "precision": 0.0,
                "recall": 0.0,
                "f1-score": 0.0,
                "support": 39.0
            },
            "63": {
                "precision": 0.0,
                "recall": 0.0,
                "f1-score": 0.0,
                "support": 39.0
            },
            "64": {
                "precision": 0.0,
                "recall": 0.0,
                "f1-score": 0.0,
                "support": 46.0
            },
            "65": {
                "precision": 0.0,
                "recall": 0.0,
                "f1-score": 0.0,
                "support": 44.0
            },
            "66": {
                "precision": 0.0,
                "recall": 0.0,
                "f1-score": 0.0,
                "support": 42.0
            },
            "67": {
                "precision": 0.0,
                "recall": 0.0,
                "f1-score": 0.0,
                "support": 34.0
            },
            "68": {
                "precision": 0.0,
                "recall": 0.0,
                "f1-score": 0.0,
                "support": 53.0
            },
            "69": {
                "precision": 0.0,
                "recall": 0.0,
                "f1-score": 0.0,
                "support": 47.0
            },
            "accuracy": 0.012758620689655173,
            "macro avg": {
                "precision": 0.00018226600985221677,
                "recall": 0.014285714285714285,
                "f1-score": 0.0003599396857823824,
                "support": 2900.0
            },
            "weighted avg": {
                "precision": 0.00016278240190249706,
                "recall": 0.012758620689655173,
                "f1-score": 0.000321463374543576,
                "support": 2900.0
            }
        },
        "history": {
            "accuracy": [
                0.013017241843044758,
                0.013189654797315598,
                0.01465517282485962,
                0.015172413550317287,
                0.015689654275774956,
                0.015646550804376602,
                0.01556034479290247,
                0.01556034479290247,
                0.015689654275774956,
                0.015689654275774956,
                0.015646550804376602
            ],
            "loss": [
                4.616357326507568,
                4.251477241516113,
                4.250734329223633,
                4.24979305267334,
                4.249500751495361,
                4.249083042144775,
                4.249072074890137,
                4.249454021453857,
                4.249467849731445,
                4.249593734741211,
                4.2489333152771
            ],
            "val_accuracy": [
                0.012758621014654636,
                0.012758621014654636,
                0.0093103451654315,
                0.0093103451654315,
                0.0093103451654315,
                0.0093103451654315,
                0.0093103451654315,
                0.0093103451654315,
                0.0093103451654315,
                0.0093103451654315,
                0.0093103451654315
            ],
            "val_loss": [
                4.248960494995117,
                4.249856948852539,
                4.2504682540893555,
                4.250773906707764,
                4.250974655151367,
                4.2510247230529785,
                4.251089096069336,
                4.251216888427734,
                4.251278400421143,
                4.251364231109619,
                4.251380443572998
            ]
        }
    }
}